Tweet Id,Date,Hour,User Name,Nickname,Bio,Tweet content,Favs,RTs,Latitude,Longitude,Country,Place (as appears on Bio),Profile picture,Followers,Following,Listed,Tweet language (ISO 639-1),Tweet Url,Is a RT,Original Tweet User Name,User Mentions,Hashtags,Symbols,Media,URLs,Negative,Neutral,Positive,Compound
1105342296520712193 ,2019-03-12,05:38,News Of 9,TheNewsof9,"Truth and Courage. 

Have you got a Good Story ? Or True News ? News of 9 would love to hear. Email admin@newsof9.com

https://t.co/VpF1HQyIbW","Choose between Mahatma’s India and Godse’s India: Rahul Gandhi

@RahulGandhi #CRPF #pulawamaattack #RahulGandhi 
#Newsof9

https://t.co/pjEA9YUr1G",2,,17.38405,78.45636,IN,"Hyderabad, India",http://pbs.twimg.com/profile_images/1037543218882072576/Le_VhLCE_normal.jpg,2998,81,2,en,http://www.twitter.com/TheNewsof9/status/1105342296520712193,FALSE,,@RahulGandhi,"#CRPF,#pulawamaattack,#RahulGandhi,#Newsof9",,,https://www.newsof9.com/choose-between-mahatmas-india-and-godses-india-rahul-gandhi/,0.0,1.0,0.0,0.0
1105322963329404928 ,2019-03-12,04:21,Vishal,vishalrenu2,?? Happy to support India,RT @iMarwaadi: @sachin_rt wears AirForce uniform &amp; @msdhoni wears Indian Army uniform yet they don’t bother to make statement or tweet on #…,,8,28.34702,79.42193,IN,"Bareilly, India",http://pbs.twimg.com/profile_images/1096074334706163712/G5rupfno_normal.png,5,7,,en,http://www.twitter.com/vishalrenu2/status/1105322963329404928,TRUE,@iMarwaadi,"@iMarwaadi,@sachin_rt,@msdhoni",,,,,0.098,0.902,0.0,-0.34
1105320381055942656 ,2019-03-12,04:11,Ordinary Jo,joseprem1,Traffic lighting the society. #SaveThoothukudi #JusticeForThoothukudi,@VamseeJuluri @Gopalee67 Why do you think that a foreign media house will look at the #pulawamaattack using the same ‘nationalistic’ glasses that you wear? NYT seems to have seen the attack in the context of the larger issue of #Kashmir - the way most international media do.,,,,,,,http://pbs.twimg.com/profile_images/1088309426258436096/G33DD6pm_normal.jpg,67,109,,en,http://www.twitter.com/joseprem1/status/1105320381055942656,FALSE,,"@VamseeJuluri,@Gopalee67","#pulawamaattack,#Kashmir",,,,0.066,0.934,0.0,-0.4767
1105222111025491968 ,2019-03-11,21:40,Nicola Turner,BuzzArtz,,"Congratulations to Indian forces who have killed the terrorist who plotted #pulawamaattack. They give terrorists #azadi from this life faster than these terrorists think. 
#RahulLovesTerrorists but #modikillsterrorists
#howisthejosh
#howisthejaish

https://t.co/eS0FBf36BL",1,,,,,,http://pbs.twimg.com/profile_images/779053565063102464/U6i3qsYs_normal.jpg,62,10,,en,http://www.twitter.com/BuzzArtz/status/1105222111025491968,FALSE,,,"#pulawamaattack,#azadi,#RahulLovesTerrorists,#modikillsterrorists,#howisthejosh,#howisthejaish",,,https://timesofindia.indiatimes.com/india/pulwama-bombing-plotter-was-electrician-killed-in-pre-dawn-op/articleshow/68364939.cms,0.28,0.655,0.064,-0.8047
1105071661324283904 ,2019-03-11,11:43,khelpanda,khelpanda,#Cricket #Football #Khelpanda #PremierLeague #Epl #Ligue1 #ISL #LaLiga #Bundesliga #ICC #BCCI #SerieA #BleedBlue #CR7JUVE #Messi #MUFC #RMFC #FCB #FPL,"@TheRealPCB asks @ICC to take action against India
https://t.co/agS8s2umvJ
.
.
#Khelpanda #ICC #BCCI #pulawamaattack",,,28.63576,77.22445,IN,India,http://pbs.twimg.com/profile_images/1057214127939104770/SuIXRXO3_normal.jpg,906,529,2,en,http://www.twitter.com/khelpanda/status/1105071661324283904,FALSE,,"@TheRealPCB,@ICC","#Khelpanda,#ICC,#BCCI,#pulawamaattack",,,https://khelpanda.com/pcb-icc-indian-cricket-team/,0.0,1.0,0.0,0.0
1105054531593867265 ,2019-03-11,10:35,miliind.lifecoach@gmail.com,MiliindL,,"RT @ec7104de70df411: Well Said Sir 

Snake Son Will be Snakes only????
@majorgauravarya 
@MajorPoonia 
@GeneralBakshi 
#PulawamaAttack 
#Bala…",,7,,,,,http://abs.twimg.com/sticky/default_profile_images/default_profile_normal.png,72,391,,en,http://www.twitter.com/MiliindL/status/1105054531593867265,TRUE,@ec7104de70df411,"@ec7104de70df411,@majorgauravarya,@MajorPoonia,@GeneralBakshi",#PulawamaAttack,,,,0.0,0.877,0.123,0.2732
1104744601577914368 ,2019-03-10,14:03,prakash kumar chorwade,ChorwadeKumar,"my simple issue .................i live in westrn type  and also accept  there thought.  but i heartly  love ""INDIAN CULTURE"" .........????????????.",RT @GautamGambhir: While our men are being mercilessly killed why should we give security to Hurriyat leaders? Come on @BJP4India lets do a…,,7909,,,,,http://pbs.twimg.com/profile_images/1103303190793994240/SpUDhdt9_normal.png,9,11,,en,http://www.twitter.com/ChorwadeKumar/status/1104744601577914368,TRUE,@GautamGambhir,"@GautamGambhir,@BJP4India",,,,,0.161,0.753,0.086,-0.4767
1104695403063070721 ,2019-03-10,10:48,Biju Sharman,SharmanBiju,Music Producer,"A Musical tribute to Indian Soldiers in Tamil

#pulawamaattack  #pulawama  #pulawamaterrorattack  #IAFStrikes  #iafmirage2000  #iafhaitomumkinhai  #Tamil 

https://t.co/d59uOAEulT",1,,1.28967,103.85007,SG,Singapore,http://pbs.twimg.com/profile_images/1104693652809347073/ZjlHi8m0_normal.jpg,,38,,en,http://www.twitter.com/SharmanBiju/status/1104695403063070721,FALSE,,,"#pulawamaattack,#pulawama,#pulawamaterrorattack,#IAFStrikes,#iafmirage2000,#iafhaitomumkinhai,#Tamil",,,https://youtu.be/vMVsj1xWtO0,0.0,1.0,0.0,0.0
1104622474019459078 ,2019-03-10,05:58,Sisha #NamoAgain,wavehit,A Student of Mrs.Hilda Raja;a teacher/Social worker[F&CW]/HandiCraft enthusiast-who has to air her opinion on most things around her.,"RT @MikeJen68716269: When it comes to patriotism and standing up for your country &amp; calling out #Pakistan for what it is,  #KanganaRanaut i…",,1,11.00555,76.96612,IN,Coimbatore,http://pbs.twimg.com/profile_images/521909662610767873/wUdvk2-s_normal.jpeg,1389,1482,197,en,http://www.twitter.com/wavehit/status/1104622474019459078,TRUE,@MikeJen68716269,@MikeJen68716269,"#Pakistan,#KanganaRanaut",,,,0.0,1.0,0.0,0.0
1104409376305999872 ,2019-03-09,15:51,Ramrajya,heyhi2015,???? ???? ??? ?? ????? ????? ?? ??? ??,RT @iamnikhilnanda: This is blow by blow account of how #Congress party under the tutelage of congenital liar #RahulGandhi concocted a stor…,,17,,,,,http://pbs.twimg.com/profile_images/599911322373885952/u6sJG14K_normal.jpg,39,221,1,en,http://www.twitter.com/heyhi2015/status/1104409376305999872,TRUE,@iamnikhilnanda,@iamnikhilnanda,"#Congress,#RahulGandhi",,,,0.132,0.76,0.108,-0.1531
1104392981082066945 ,2019-03-09,14:46,lotus503,lotus5031,I am a indian,RT @DrTamilisaiBJP: Proceeding to Ariyalur karugudi village to pay homage to Our TamilNadu’s  brave brother Sivachandran who was killed bru…,,55,13.08784,80.27847,IN,"Chennai, India",http://pbs.twimg.com/profile_images/1102815870294777856/aaS_aLmu_normal.png,18,146,,en,http://www.twitter.com/lotus5031/status/1104392981082066945,TRUE,@DrTamilisaiBJP,@DrTamilisaiBJP,,,,,0.224,0.646,0.129,-0.3612
1104196695586267136 ,2019-03-09,01:46,Mahesh Mangal,MaheshMangal16,"BJP Mandal Upadhyx ward 34 Rohini D
Khand Pramukh Sector 21, Rohini,  New Delhi",RT @tweetndmc: Let's join to pay #Homage ???? to our #Martyrs of #PulwamaTerrorAttack at 5.00 pm today (17-02-19) at #InnerCircle #ConnaughtP…,,9,28.654,77.229,IN,"New Delhi, India",http://pbs.twimg.com/profile_images/1096364951608877056/G30udmH4_normal.jpg,23,88,,en,http://www.twitter.com/MaheshMangal16/status/1104196695586267136,TRUE,@tweetndmc,@tweetndmc,"#Homage,#Martyrs,#PulwamaTerrorAttack,#InnerCircle",,,,0.062,0.841,0.097,0.2023
1104024378293936130 ,2019-03-08,14:21,ajay chouhan ????,ajaycho86116896,,"RT @msdfansofficial: Let's donate for our Veer Jawans. 

Amount shall be directly credited in accounts of our martyrs!??
Log in at : https:/…",,88,,,,,http://pbs.twimg.com/profile_images/1093075550757744641/pWmaGX3p_normal.jpg,32,31,1,en,http://www.twitter.com/ajaycho86116896/status/1104024378293936130,TRUE,@msdfansofficial,@msdfansofficial,,,,,0.0,0.883,0.117,0.4199
1104023509712330752 ,2019-03-08,14:18,sandeep sharma,sandeep07641839,,"RT @msdfansofficial: Let's donate for our Veer Jawans. 

Amount shall be directly credited in accounts of our martyrs!??
Log in at : https:/…",,88,,,,,http://pbs.twimg.com/profile_images/1103970062812082178/FaJkrFIe_normal.png,7,23,,en,http://www.twitter.com/sandeep07641839/status/1104023509712330752,TRUE,@msdfansofficial,@msdfansofficial,,,,,0.0,0.883,0.117,0.4199
1104015147570327553 ,2019-03-08,13:44,Kiran,kirankumarnaidu,Devotee - God Bharata Ratna Sachin Ramesh Tendulkar.,"So does everyone else's! @sachin_rt @BCCI 
#TeamIndia #CamouflageCaps #PulawamaAttack #IndvsAus https://t.co/4woZLcyZoe",1,,,,,,http://pbs.twimg.com/profile_images/1044528602258141184/4GOEt5cX_normal.jpg,351,890,2,en,http://www.twitter.com/kirankumarnaidu/status/1104015147570327553,FALSE,,"@sachin_rt,@BCCI","#TeamIndia,#CamouflageCaps,#PulawamaAttack,#IndvsAus",,,https://twitter.com/sachin_rt/status/1104014173808148481,0.0,1.0,0.0,0.0
1103995987507310592 ,2019-03-08,12:28,Pappu Pehlwan,PappuPehlwan,We suppot #Great_virender_singh,RT @NishaBagpat: Hats of to you @Sangram_Sanjeet sir. You are a perfect example of humanity. Proud of you. You are a man with his words. Th…,,27,,,,,http://pbs.twimg.com/profile_images/1061105538237292544/6QBBi7fD_normal.jpg,13,132,,en,http://www.twitter.com/PappuPehlwan/status/1103995987507310592,TRUE,@NishaBagpat,"@NishaBagpat,@Sangram_Sanjeet",,,,,0.0,0.764,0.236,0.7783
1103965292772950016 ,2019-03-08,10:26,DC612,bhoovi,Dravidian. #mufc is life. Rationalist. ?????? ??? ??????? ??????,"Today at my office, a colleague of mine discussed about the #pulawamaattack and the subsequent events. She said all these are BJP's political gimmick to garner more votes. Wait. And finally she said ""Who else is there to vote for other than BJP"" State of the commoners now. Sigh.",1,,13.08784,80.27847,IN,"Chennai, India",http://pbs.twimg.com/profile_images/1103544332794191873/sdcYfrCW_normal.jpg,210,268,6,en,http://www.twitter.com/bhoovi/status/1103965292772950016,FALSE,,,#pulawamaattack,,,,0.0,0.977,0.023,0.0258
1103931994952486912 ,2019-03-08,08:14,sunny vyas,sunnyvyas18,,"RT @ManavDharam: By the inspiration of Shri Satpal Ji Maharaj, under the guidance of M. Mukta Bai ji #Manav_Utthan_Sewa_Samiti , #Hyderabad…",,16,,,,,http://pbs.twimg.com/profile_images/806100278156128256/owb2xiBX_normal.jpg,150,179,,en,http://www.twitter.com/sunnyvyas18/status/1103931994952486912,TRUE,@ManavDharam,@ManavDharam,"#Manav_Utthan_Sewa_Samiti,#Hyderabad",,,,0.0,0.848,0.152,0.5267
1103930953729159168 ,2019-03-08,08:10,Dr.Muzamil,jameel_muzamil,Doctor,@scribe_prashant @Uppolice @Igrangelucknow @lkopolice I don't understand what this insane person is trying to prove by beating this kashmiri dry fruit seller...I wonder the extent of ignorance and ill mentality of these people that they even don't understand that every Kashmiri is not the culprit behind the #PulawamaAttack,1,,,,,,http://pbs.twimg.com/profile_images/1101462518948458497/o7-hkCVX_normal.jpg,3,22,,en,http://www.twitter.com/jameel_muzamil/status/1103930953729159168,FALSE,,"@scribe_prashant,@Uppolice,@Igrangelucknow,@lkopolice",#PulawamaAttack,,,,0.21,0.79,0.0,-0.8866
1103886351504572417 ,2019-03-08,05:13,Qaisar Mehfooz,kashmir907,Electrical Engineer ?????|   Social Activist |  Kashmiri ?? |  Lover of Freedom Movement | MUSTAIN,"RT @KNAVEENM: Asking Modi &amp; Co Questions is Insulting Army....What logic is this????
#pulawamaattack #PulwamaTerroristAttack #Pulwama #Kash…",,4,32.73569,74.86911000000001,IN,Jammu kashmir,http://pbs.twimg.com/profile_images/1041007801848553472/W0Xdpm1u_normal.jpg,840,835,,en,http://www.twitter.com/kashmir907/status/1103886351504572417,TRUE,@KNAVEENM,@KNAVEENM,"#pulawamaattack,#PulwamaTerroristAttack,#Pulwama",,,,0.206,0.794,0.0,-0.6322
1103872285998383104 ,2019-03-08,04:17,TDP Vs BJP+YCP+JSP+TRS,andhrapolitica,"| #??????? | #?????? | #Pattiseema | #NTRHousing | KIA | ???????? ???? | ????-?????? | #farmponds |#BJPCheatedAP | #APwithCBN |
#PKsoldOut #Jagan420","RT @KNAVEENM: Asking Modi &amp; Co Questions is Insulting Army....What logic is this????
#pulawamaattack #PulwamaTerroristAttack #Pulwama #Kash…",,4,,,,,http://pbs.twimg.com/profile_images/1096052519053053954/v8UnpYUq_normal.jpg,459,555,5,en,http://www.twitter.com/andhrapolitica/status/1103872285998383104,TRUE,@KNAVEENM,@KNAVEENM,"#pulawamaattack,#PulwamaTerroristAttack,#Pulwama",,,,0.206,0.794,0.0,-0.6322
1103842432087674880 ,2019-03-08,02:18,Amit Agarwal,AmitAgal,IT strategy and management,"@GitaVSKapoor Madam, they never asked separatists that why do not you lead these boys lesson of peace rather justify their reasons.
#pulawamaattack",,,,,,,http://pbs.twimg.com/profile_images/434455632591085568/jGTEkeTS_normal.jpeg,18,91,,en,http://www.twitter.com/AmitAgal/status/1103842432087674880,FALSE,,@GitaVSKapoor,#pulawamaattack,,,,0.0,0.857,0.143,0.5423
1103727735464177664 ,2019-03-07,18:42,M.Keerthi Kumar Redd,KeerthiReddi,"Hindu! Indian ! Congressi! Simple Man With Simple Tastes...,","RT @KNAVEENM: Asking Modi &amp; Co Questions is Insulting Army....What logic is this????
#pulawamaattack #PulwamaTerroristAttack #Pulwama #Kash…",,4,17.38405,78.45636,IN,"Hyderabad, Telangana, India",http://pbs.twimg.com/profile_images/929304899480829952/ggRmJ10t_normal.jpg,475,816,24,en,http://www.twitter.com/KeerthiReddi/status/1103727735464177664,TRUE,@KNAVEENM,@KNAVEENM,"#pulawamaattack,#PulwamaTerroristAttack,#Pulwama",,,,0.206,0.794,0.0,-0.6322
1103727548268232705 ,2019-03-07,18:42,Bahut Hua Jumlo Ki Maar-Aao Badlein Modi Sarkaar,KNAVEENM,"According to all Bhakts, PAK(m)OD(i)A Raj from 2014 to 2019 has been F se Rocking....but dear bsdk's oop's bhakts F se Rocking nahi hota...","Asking Modi &amp; Co Questions is Insulting Army....What logic is this????
#pulawamaattack #PulwamaTerroristAttack #Pulwama #Kashmiris #Kashmiri #KashmirTerrorAttack #Modi #ModiSeNaHoPayega #ModiFailsNationalSecurity #modibehindpulwama https://t.co/lINjcVVeaE",7,4,,,,,http://pbs.twimg.com/profile_images/1098425047918788609/LlaQ2xyh_normal.jpg,350,295,1,en,http://www.twitter.com/KNAVEENM/status/1103727548268232705,FALSE,,,"#pulawamaattack,#PulwamaTerroristAttack,#Pulwama,#Kashmiris,#Kashmiri,#KashmirTerrorAttack,#Modi,#ModiSeNaHoPayega,#ModiFailsNationalSecurity,#modibehindpulwama",,http://pbs.twimg.com/media/D1E6ViBXgAEidq6.jpg,,0.165,0.835,0.0,-0.6322
1103590643614519296 ,2019-03-07,09:38,FightorFlight,AJChaudary,A Patriotic Pakistani..Strongly believe in the ideology of Pakistan and Two Nation Theory(TNT).. A #Pakistan Nationalist Tweets are my own personal opinions.,"Facts tht #pulawamaattack is an inside job of #India planned by RAW &amp; IG. 1. Presence of 350 Kg explosive in highly militarized zone. 2. Modi reaction, as he already knew about it. 3. #IndianMedia campaign for Pak invlmnt witht proof. 4. Pak Airspace violation on demand of prof https://t.co/pvZLyw0TPC",,,,,,,http://pbs.twimg.com/profile_images/779930453117657088/0etgO207_normal.jpg,96,276,5,en,http://www.twitter.com/AJChaudary/status/1103590643614519296,FALSE,,,"#pulawamaattack,#India,#IndianMedia",,,https://twitter.com/PTVNewsOfficial/status/1103570602668032003,0.089,0.911,0.0,-0.5719
1103586980682706944 ,2019-03-07,09:23,Markhor,SteveLober,German by paper | Pakistani by heart | Hate Ganja League and Patwaris,RT @AJChaudary: @rwac48 Facts tht #pulawamaattack is an inside job of #India planned by RAW &amp; IG. 1. Presence of 350 Kg explosive in highly…,,1,,,,,http://pbs.twimg.com/profile_images/1103336363963936769/OMWl_vdI_normal.png,90,354,2,en,http://www.twitter.com/SteveLober/status/1103586980682706944,TRUE,@AJChaudary,"@AJChaudary,@rwac48","#pulawamaattack,#India",,,,0.0,1.0,0.0,0.0
1103585475573497856 ,2019-03-07,09:17,FightorFlight,AJChaudary,A Patriotic Pakistani..Strongly believe in the ideology of Pakistan and Two Nation Theory(TNT).. A #Pakistan Nationalist Tweets are my own personal opinions.,"@scribe_prashant @Uppolice @Igrangelucknow @lkopolice Facts tht #pulawamaattack is an inside job of #India planned by RAW &amp; IG. 1. Presence of 350 Kg explosive in highly militarized zone. 2. Modi reaction, as he already knew about it. 3. #IndianMedia campaign for Pak invlmnt witht proof. 4. Pak Airspace violation on demand of prof.",,,,,,,http://pbs.twimg.com/profile_images/779930453117657088/0etgO207_normal.jpg,96,276,5,en,http://www.twitter.com/AJChaudary/status/1103585475573497856,FALSE,,"@scribe_prashant,@Uppolice,@Igrangelucknow,@lkopolice","#pulawamaattack,#India,#IndianMedia",,,,0.084,0.916,0.0,-0.5719
1103584866879393792 ,2019-03-07,09:15,FightorFlight,AJChaudary,A Patriotic Pakistani..Strongly believe in the ideology of Pakistan and Two Nation Theory(TNT).. A #Pakistan Nationalist Tweets are my own personal opinions.,"@rwac48 Facts tht #pulawamaattack is an inside job of #India planned by RAW &amp; IG. 1. Presence of 350 Kg explosive in highly militarized zone. 2. Modi reaction, as he already knew about it. 3. #IndianMedia campaign for Pak invlmnt witht proof. 4. Pak Airspace violation on demand of prof.",6,1,,,,,http://pbs.twimg.com/profile_images/779930453117657088/0etgO207_normal.jpg,96,276,5,en,http://www.twitter.com/AJChaudary/status/1103584866879393792,FALSE,,@rwac48,"#pulawamaattack,#India,#IndianMedia",,,,0.089,0.911,0.0,-0.5719
1103584108578570240 ,2019-03-07,09:12,FightorFlight,AJChaudary,A Patriotic Pakistani..Strongly believe in the ideology of Pakistan and Two Nation Theory(TNT).. A #Pakistan Nationalist Tweets are my own personal opinions.,"Facts tht #pulawamaattack is an inside job of #India planned by RAW &amp; IG. 1. Presence of 350 Kg explosive in highly militarized zone. 2. Modi reaction, as he already knew about it. 3. #IndianMedia campaign for Pak invlmnt witht proof. 4. Pak Airspace violation on demand of prof.",,,,,,,http://pbs.twimg.com/profile_images/779930453117657088/0etgO207_normal.jpg,96,276,5,en,http://www.twitter.com/AJChaudary/status/1103584108578570240,FALSE,,,"#pulawamaattack,#India,#IndianMedia",,,,0.091,0.909,0.0,-0.5719
1103582725733150721 ,2019-03-07,09:06,RAW,TheRawWon,Reconnoiterer. Attaché. Watchdog. P?a?r?o?d?y?.,Questions that need to be asked of @BJP4India post #PulawamaAttack according to @ManishTewari. https://t.co/vEDSaElwsd,,,28.63576,77.22445,IN,India,http://pbs.twimg.com/profile_images/1103029035624349696/Msy7xs5Q_normal.jpg,6,166,,en,http://www.twitter.com/TheRawWon/status/1103582725733150721,FALSE,,"@BJP4India,@ManishTewari",#PulawamaAttack,,http://pbs.twimg.com/ext_tw_video_thumb/1103582486259351552/pu/img/lraHr3t_ISLjDiGN.jpg,,0.0,1.0,0.0,0.0
1103569703929176064 ,2019-03-07,08:14,sudhir bhardwaj,sudhirb91683064,Student leader,RT @iMarwaadi: @sachin_rt wears AirForce uniform &amp; @msdhoni wears Indian Army uniform yet they don’t bother to make statement or tweet on #…,,8,,,,,http://pbs.twimg.com/profile_images/1098619155991867393/f_KFlUd3_normal.jpg,12,54,,en,http://www.twitter.com/sudhirb91683064/status/1103569703929176064,TRUE,@iMarwaadi,"@iMarwaadi,@sachin_rt,@msdhoni",,,,,0.098,0.902,0.0,-0.34
1103557458021179392 ,2019-03-07,07:26,Ch.Srinivasu.,ChSrinivaasu,"Engg from JNTUH.I love Earth,Sun,Moon, Nature&Animals.Interested in Politics,PublicGovernance and Law.Tweets are my personal and retweets are not endorsements.","I’ve contributed Rs.2100/- i.e.,42 Pulwama martyrs, each Rs.50/- today,towards “Bharat Ke Veer Fund”, to support their families. #PulawamaAttack #KashmirTerroristAttack https://t.co/G4dUlpBpGB",1,,17.38405,78.45636,IN,"Hyderabad, India",http://pbs.twimg.com/profile_images/1103504858093703170/n1BwdNGi_normal.jpg,24,110,,en,http://www.twitter.com/ChSrinivaasu/status/1103557458021179392,FALSE,,,"#PulawamaAttack,#KashmirTerroristAttack",,http://pbs.twimg.com/media/D1CfpV6XcAA59jA.jpg,,0.0,0.876,0.124,0.4019
1103544469968818177 ,2019-03-07,06:34,sunny vyas,sunnyvyas18,,"RT @ManavDharam: By the inspiration of Shri Satpal Ji Maharaj, #Manav_Utthan_Sewa_Samiti  #Bangalore took out candle march  near Shri Hans…",,16,,,,,http://pbs.twimg.com/profile_images/806100278156128256/owb2xiBX_normal.jpg,150,179,,en,http://www.twitter.com/sunnyvyas18/status/1103544469968818177,TRUE,@ManavDharam,@ManavDharam,"#Manav_Utthan_Sewa_Samiti,#Bangalore",,,,0.0,0.841,0.159,0.5267
1103397931313516545 ,2019-03-06,20:52,Omar Bin Qamar,OmarBinQamar,,"Word for word fullfilment... Masha'ALLAH ALLAH blessed him with perfect Analysis! 
@ZaidZamanHamid
#PulawamaAttack 
#Abhinandan https://t.co/m6xqjEEmCs",1,,,,,,http://pbs.twimg.com/profile_images/499637926305615872/A35mwlS4_normal.jpeg,121,60,3,en,http://www.twitter.com/OmarBinQamar/status/1103397931313516545,FALSE,,@ZaidZamanHamid,"#PulawamaAttack,#Abhinandan",,,https://twitter.com/PakistanMyVeins/status/1103388880286478338,0.0,0.622,0.378,0.8356
1103369448726188034 ,2019-03-06,18:59,Raja Faisal ????,r4j4faisal,Writer | Journalist | Blogger | Political Analyst | Media Monitor | Counter #FakeNews | @Tribune247 | @TribuneBlogs,"#PulawamaAttack was an inside job!
#WaModiJiWa 

#BJP will lose #Election2019 under #Modi leadership!

#ModiGoesCrazy https://t.co/cE1BZIDjLP",,,33.72148,73.04329,PK,Islamabad,http://pbs.twimg.com/profile_images/1029453882504691712/bL3RhiaH_normal.jpg,936,551,21,en,http://www.twitter.com/r4j4faisal/status/1103369448726188034,FALSE,,,"#PulawamaAttack,#WaModiJiWa,#BJP,#Election2019,#Modi,#ModiGoesCrazy",,http://pbs.twimg.com/ext_tw_video_thumb/1103369005367287808/pu/img/E_KXM0jlaTqBBf-x.jpg,,0.19,0.81,0.0,-0.508
1103367360696598529 ,2019-03-06,18:50,A.Yogesa ????,AYogesa,"?? ????? ??????? ?????? ?????? ? 
= = = = = = = = = = = = = = = = =
Lok?? Samast?? Sukhino Bhavantu 
==========================
Let the entire world be happy. ","RT @ec7104de70df411: Well Said Sir 

Snake Son Will be Snakes only????
@majorgauravarya 
@MajorPoonia 
@GeneralBakshi 
#PulawamaAttack 
#Bala…",,7,28.63576,77.22445,IN,India,http://pbs.twimg.com/profile_images/1081148628146647040/iwtoqvao_normal.jpg,269,920,,en,http://www.twitter.com/AYogesa/status/1103367360696598529,TRUE,@ec7104de70df411,"@ec7104de70df411,@majorgauravarya,@MajorPoonia,@GeneralBakshi",#PulawamaAttack,,,,0.0,0.877,0.123,0.2732
1103357519249002496 ,2019-03-06,18:11,Mahendra Sapa,MahendraSapa,,"@NarendraModi ji,
You did better than #Hajpayee, but cooling down at this juncture brings us to square one - awaiting another #PulawamaAttack.  The least #Pakistan must do is euthanize known terrorist; banning them won't cut the ice.

Worst case #PressTheButton #IndiaStrikesBack",,,,,,,http://pbs.twimg.com/profile_images/777871446576168960/Zrb-AuAJ_normal.jpg,172,60,7,en,http://www.twitter.com/MahendraSapa/status/1103357519249002496,FALSE,,@narendramodi,"#Hajpayee,#PulawamaAttack,#Pakistan,#PressTheButton,#IndiaStrikesBack",,,,0.233,0.687,0.08,-0.9007
1103347280055279617 ,2019-03-06,17:31,Concerned,X7X4X7,,"RT @ec7104de70df411: Well Said Sir 

Snake Son Will be Snakes only????
@majorgauravarya 
@MajorPoonia 
@GeneralBakshi 
#PulawamaAttack 
#Bala…",,7,,,,,http://pbs.twimg.com/profile_images/1091984350747521024/3paixKvC_normal.jpg,60,1,,en,http://www.twitter.com/X7X4X7/status/1103347280055279617,TRUE,@ec7104de70df411,"@ec7104de70df411,@majorgauravarya,@MajorPoonia,@GeneralBakshi",#PulawamaAttack,,,,0.0,0.877,0.123,0.2732
1103344884298080257 ,2019-03-06,17:21,Hitesh,LogicalRajput,"Politically aware..
A Proud Indian.. ''After that'' A Proud Hindu.... ''finally'' A Proud Rajput.. 
Diehard Fan of Modi ji...
BJP volunteer.","RT @ec7104de70df411: Well Said Sir 

Snake Son Will be Snakes only????
@majorgauravarya 
@MajorPoonia 
@GeneralBakshi 
#PulawamaAttack 
#Bala…",,7,28.654,77.229,IN,"New Delhi, India",http://pbs.twimg.com/profile_images/1030883110122999808/AgN6-u2o_normal.jpg,31,99,,en,http://www.twitter.com/LogicalRajput/status/1103344884298080257,TRUE,@ec7104de70df411,"@ec7104de70df411,@majorgauravarya,@MajorPoonia,@GeneralBakshi",#PulawamaAttack,,,,0.0,0.877,0.123,0.2732
1103335563661361155 ,2019-03-06,16:44,Amisha Kulkarni,Amishaa127,,"RT @ec7104de70df411: Well Said Sir 

Snake Son Will be Snakes only????
@majorgauravarya 
@MajorPoonia 
@GeneralBakshi 
#PulawamaAttack 
#Bala…",,7,,,,,http://pbs.twimg.com/profile_images/1101531900324270080/SsyUUymQ_normal.jpg,74,70,,en,http://www.twitter.com/Amishaa127/status/1103335563661361155,TRUE,@ec7104de70df411,"@ec7104de70df411,@majorgauravarya,@MajorPoonia,@GeneralBakshi",#PulawamaAttack,,,,0.0,0.877,0.123,0.2732
1103332404486377474 ,2019-03-06,16:31,sadhuram agrawal,AgrawalSadhuram,,"RT @ec7104de70df411: Well Said Sir 

Snake Son Will be Snakes only????
@majorgauravarya 
@MajorPoonia 
@GeneralBakshi 
#PulawamaAttack 
#Bala…",,7,12.97194,77.59369,IN,Bangalore,http://pbs.twimg.com/profile_images/984541918674739200/PVtR822a_normal.jpg,623,516,169,en,http://www.twitter.com/AgrawalSadhuram/status/1103332404486377474,TRUE,@ec7104de70df411,"@ec7104de70df411,@majorgauravarya,@MajorPoonia,@GeneralBakshi",#PulawamaAttack,,,,0.0,0.877,0.123,0.2732
1103301381757198336 ,2019-03-06,14:28,kash.engineer,kash_engineer,Jay Bhim.,"RT @ec7104de70df411: Well Said Sir 

Snake Son Will be Snakes only????
@majorgauravarya 
@MajorPoonia 
@GeneralBakshi 
#PulawamaAttack 
#Bala…",,7,,,,,http://pbs.twimg.com/profile_images/1067773292050702337/TXIPutxm_normal.jpg,5,42,,en,http://www.twitter.com/kash_engineer/status/1103301381757198336,TRUE,@ec7104de70df411,"@ec7104de70df411,@majorgauravarya,@MajorPoonia,@GeneralBakshi",#PulawamaAttack,,,,0.0,0.877,0.123,0.2732
1103277743649763329 ,2019-03-06,12:54,Rohit Rai,rohitrai83,IT Professional. We solve problem technically.,"500% agree with @Gen_VKSingh . In india there is a fashion that just say we have faith on our armed forces but we need proof of your bravery. They are more concern about human rights of militants but not for armed forces. #PulawamaAttack #SurgicalStrike2 
https://t.co/tBC0tVCep2",,,12.97194,77.59369,IN,Bangalore,http://pbs.twimg.com/profile_images/461357178910019584/cuucrS8L_normal.jpeg,74,51,3,en,http://www.twitter.com/rohitrai83/status/1103277743649763329,FALSE,,@Gen_VKSingh,"#PulawamaAttack,#SurgicalStrike2",,,https://navbharattimes.indiatimes.com/india/vk-singh-invokes-israel-to-attack-opposition-after-balakot-air-strike/articleshow/68287669.cms,0.0,0.834,0.166,0.7876
1103273226489290752 ,2019-03-06,12:36,Adam S.,Schrades,,"After an abrupt escalation following the #PulawamaAttack, @Riskline takes a look at tensions between #India and #Pakistan https://t.co/1Pg2A0UwL3",,,30.06263,31.24967,EG,"Cairo, Egypt",http://pbs.twimg.com/profile_images/3365913116/5f8fbe720c5482c7d066c638b0105ee3_normal.jpeg,279,1618,4,en,http://www.twitter.com/Schrades/status/1103273226489290752,FALSE,,@Riskline,"#PulawamaAttack,#India,#Pakistan",,,https://www.riskline.com/articles/tensions-between-india-and-pakistan-in-the-aftermath-of-the-pulwama-attack,0.144,0.856,0.0,-0.4019
1103264410741731328 ,2019-03-06,12:01,Murari Singh,ec7104de70df411,Murari,"Well Said Sir 

Snake Son Will be Snakes only????
@majorgauravarya 
@MajorPoonia 
@GeneralBakshi 
#PulawamaAttack 
#BalakotProof https://t.co/BOcCfKeL1M",20,7,28.636,77.224,IN,"New Delhi, India",http://pbs.twimg.com/profile_images/1104801171045314560/Wawd-BSj_normal.jpg,33,401,,en,http://www.twitter.com/ec7104de70df411/status/1103264410741731328,FALSE,,"@majorgauravarya,@MajorPoonia,@GeneralBakshi","#PulawamaAttack,#BalakotProof",,http://pbs.twimg.com/media/D0-VHQHWsAAjnAz.jpg,,0.0,0.87,0.13,0.2732
1103259373516730368 ,2019-03-06,11:41,DIVYA CHANDRABABU,divyacjourno,"Journalist. Formerly with @TOI, NDTV. Politics graduate @warwickuni. Winner of PII-SCARF Mental Health Award. Chess pro eons ago. Asia Journalism Fellow @lkysch",TN CM #EPS pressing on security narrative. #PulawamaAttack #modiinchennai,,,13.08784,80.27847,IN,"Chennai, India",http://pbs.twimg.com/profile_images/951419749862334465/SBm0aljo_normal.jpg,1149,124,16,en,http://www.twitter.com/divyacjourno/status/1103259373516730368,FALSE,,,"#EPS,#PulawamaAttack,#modiinchennai",,,,0.0,0.769,0.231,0.34
1103254217718808576 ,2019-03-06,11:21,INCRon,INCRon67,,"RT @dineshgrao: Paid my respects to the family members of Mandya’s brave #CRPFJawan H Guru martyred in the #PulawamaAttack.
Have promised t…",,111,,,,,http://pbs.twimg.com/profile_images/930374170889859072/sRfZy_Of_normal.jpg,467,382,1,en,http://www.twitter.com/INCRon67/status/1103254217718808576,TRUE,@dineshgrao,@dineshgrao,"#CRPFJawan,#PulawamaAttack",,,,0.0,0.687,0.313,0.802
1103252170198081536 ,2019-03-06,11:13,LokMarg,LokMarg,"Speak your mind, write a blog, express your opinion, tell everyone what you think and why. Visit http://t.co/zROjHEEMzr","RT @LokMarg: When Jagdish Prajapati heard of the #IAFStrikes on #JeM terror camps, he felt some relief. His son, Pradeep was one of the mar…",,2,,,,,http://pbs.twimg.com/profile_images/493369591318335488/NYMUFrXT_normal.jpeg,1354,476,,en,http://www.twitter.com/LokMarg/status/1103252170198081536,TRUE,@LokMarg,@LokMarg,"#IAFStrikes,#JeM",,,,0.115,0.78,0.105,-0.0772
1103179986754830339 ,2019-03-06,06:26,???? Vinay VS ??????,VinayShindeBlr,"???,???? ??? ???? ???? ?? ?? ???? ????? ?? ??? ???? ?? ?????,?? ???? ?? ?? ?? ???? ???? ??? ????????? ?? ?????? ??????,?? ?? ???? ?????? ?? ????? ?? ????? ????","@Gen_VKSingh #Presstitutes fame #GenerallySaying  since Feb 14 #PulawamaAttack #CRPFmartyrs 44,Pulwama Encounter5 Helicopter crash6 #martyrs 
55 sahidon ke badle mein Pakistani maccharon ki #SheikhChilli kahania na sunao 
Even ur100000 Pakistani macchars are not worth our 55 Martyrs' bootlace",,,,,,,http://pbs.twimg.com/profile_images/984860283180126209/tDu3owBV_normal.jpg,234,1190,1,en,http://www.twitter.com/VinayShindeBlr/status/1103179986754830339,FALSE,,@Gen_VKSingh,"#Presstitutes,#GenerallySaying,#PulawamaAttack,#CRPFmartyrs,#martyrs,#SheikhChilli",,,,0.042,0.885,0.073,0.3036
1103166389366358016 ,2019-03-06,05:32,Misty singh,misty44600667,"I am little interior designer.. dhere  dhere  badi ho rhi h designer... hehehe.
rain lover..
Chand tare thod Lau. Puri duniya per m Chau.bas itna sa khahb h..??",RT @Thesiddharthkar: I too agree ???? its a request to PM shri @narendramodi ji please strike down Article 370 &amp; 35A. It’s a high time to do…,,43,28.654,77.229,IN,"New Delhi, India",http://pbs.twimg.com/profile_images/1103336971026358273/ff9tWV7W_normal.jpg,122,56,,en,http://www.twitter.com/misty44600667/status/1103166389366358016,TRUE,@Thesiddharthkar,"@Thesiddharthkar,@narendramodi",,,,,0.048,0.799,0.153,0.5106
1103127466384723969 ,2019-03-06,02:57,vandana chaudhary,vandana10652421,"Headnoist ??
Biggest fan of @sjayabharti @Narendramodi, ??Indian culture,
Fearless girl?....#Narishakti?? ..Proud Indian???????? DM=BLOCK ??","Fakeness shows on his face,

He esliye speak lie,

Eventually whn its confirmes,

JeM take a responsibility on Pulwama attack,
#PulawamaAttack
#pulwamarevenge
#BoycottPakistan https://t.co/rEpe9cxvuf",1,,30.32443,78.03391999999999,IN,"Dehradun, India",http://pbs.twimg.com/profile_images/1105027045892018176/2rwOWZ_7_normal.jpg,162,58,,en,http://www.twitter.com/vandana10652421/status/1103127466384723969,FALSE,,,"#PulawamaAttack,#pulwamarevenge,#BoycottPakistan",,,https://twitter.com/BBCHindi/status/1102848769790492672,0.124,0.876,0.0,-0.4767
1103090388066275328 ,2019-03-06,00:30,Office of Jat world,WorldJat,Muslims are supporting Non BJP parties and Hindus are supporting #BJP and PM Modi . Hindu hai to Hindustan hai !,Why are intellectuals asking questions ? #PulawamaAttack #SurgicalStrike2 https://t.co/QGIjxbNgfz,,,28.97155,77.71934,IN,"Meerut, India",http://pbs.twimg.com/profile_images/1082237614273380353/cfILUKRh_normal.jpg,10880,270,125,en,http://www.twitter.com/WorldJat/status/1103090388066275328,FALSE,,,"#PulawamaAttack,#SurgicalStrike2",,http://pbs.twimg.com/media/D0721-pX4AUy8af.jpg,,0.0,0.729,0.271,0.3818
1102946288998498304 ,2019-03-05,14:57,Umer Sohail,ace_umer,Here to Avoid Facebook Friends | Student @TU_Muenchen | Freelance Columnist | EQUALITY OF OPPORTUNITY | #MUFC | Global Youth Ambassador @aworldatschool,"Keep it up Khan sahib, we will back you all the way in the struggle to rid our country from this cancer! #JeM #pulawamaattack https://t.co/A8VnVlzBKk",,,48.13743,11.57549,DE,"Munich, Bavaria",http://pbs.twimg.com/profile_images/1034448785366241281/f5QHUTgQ_normal.jpg,306,547,8,en,http://www.twitter.com/ace_umer/status/1102946288998498304,FALSE,,,"#JeM,#pulawamaattack",,,https://twitter.com/HamidMirPAK/status/1102892336495972352,0.254,0.746,0.0,-0.8335
1102932542385053696 ,2019-03-05,14:03,anbudan BALA?.?.????,AmmU_MaanU,"I am a GCTian,  thamiz Blogger since 2004. Interests: Cricket, Chess, Sujatha, J.Archer, DivyaPrabandham and of course political discourse :)","RT @AmmU_MaanU: 1/ Are you going to vote based #Elections2019 based on military response to #pulawamaattack OR
Governance of 5 years, issue…",,2,13.08784,80.27847,IN,Chennai,http://pbs.twimg.com/profile_images/1047842336305176577/NMyMomAf_normal.jpg,7762,695,139,en,http://www.twitter.com/AmmU_MaanU/status/1102932542385053696,TRUE,@AmmU_MaanU,@AmmU_MaanU,"#Elections2019,#pulawamaattack",,,,0.0,1.0,0.0,0.0
1102928071848538112 ,2019-03-05,13:45,honey,honey54114257,????????? ?? ???? ?? ??? ???? ??? ????? ?? ???? ????,RT @boxervijender: I’m donating my one month’s salary for the martyrs of #PulwamaTerrorAttack and want everyone to come forward and support…,,2396,,,,,http://pbs.twimg.com/profile_images/1096373304921776129/uKfozYpw_normal.png,23,13,,en,http://www.twitter.com/honey54114257/status/1102928071848538112,TRUE,@boxervijender,@boxervijender,#PulwamaTerrorAttack,,,,0.0,0.939,0.061,0.0772
1102903488084758528 ,2019-03-05,12:07,Ganesh Iyer ???? ?????????,AskTheIyer,"Time now to be united without caste feelings to Save our Nation. 
Nation first and only leader is NAMO????","@digvijaya_28 ji, if #PulawamaAttack was an Accident then what was #MumbaiAttacks ? A Congress made Movie?",,,45.41117,-75.69812,CA,Canada,http://pbs.twimg.com/profile_images/1104644938518519808/wTFxFxQB_normal.jpg,718,601,3,en,http://www.twitter.com/AskTheIyer/status/1102903488084758528,FALSE,,@digvijaya_28,"#PulawamaAttack,#MumbaiAttacks",,,,0.21,0.79,0.0,-0.5362
1102889494460674049 ,2019-03-05,11:12,shri,shriusr,,#SainkeetKamat Poem on #PulawamaAttack https://t.co/ftkGVNmvjw,1,,,,,,http://pbs.twimg.com/profile_images/1100711226986954752/KKTEqAsn_normal.jpg,7,188,,en,http://www.twitter.com/shriusr/status/1102889494460674049,FALSE,,,"#SainkeetKamat,#PulawamaAttack",,http://pbs.twimg.com/ext_tw_video_thumb/1102889034022637569/pu/img/mQavxnjo3rNyU-2h.jpg,,0.0,1.0,0.0,0.0
1102882171189002245 ,2019-03-05,10:42,Aman ????,Aman19892305,"#Modihaintomumkinhain





I love football 















Other twitter account  @Aman44742894



https://t.co/JL2kDbotX7",RT @GautamGambhir: While our men are being mercilessly killed why should we give security to Hurriyat leaders? Come on @BJP4India lets do a…,,7909,28.63576,77.22445,IN,INDIA,http://pbs.twimg.com/profile_images/1100670718335901697/hlZmFg_y_normal.jpg,506,467,,en,http://www.twitter.com/Aman19892305/status/1102882171189002245,TRUE,@GautamGambhir,"@GautamGambhir,@BJP4India",,,,,0.161,0.753,0.086,-0.4767
1102824836160643072 ,2019-03-05,06:55,Swatihans,Swatihans1,still : I am a studing. ??I am follower of great SantRampal ji Maharaj ??????love you kabira ??????,"RT @AmitCha15426927: #PulawamaAttack
Main reason of terrorist Attacks are our Religious Leader they misguide innocent peoples on the name o…",,9,31.10442,77.16661999999999,IN,"Shimla, Himachal Pradesh ",http://pbs.twimg.com/profile_images/1104690924976726018/vkmOwyzr_normal.jpg,438,1320,,en,http://www.twitter.com/Swatihans1/status/1102824836160643072,TRUE,@AmitCha15426927,@AmitCha15426927,#PulawamaAttack,,,,0.281,0.63,0.089,-0.7351
1102812287432306688 ,2019-03-05,06:05,Engr Babar.,chaudhary1360,Islamabad United????????????????,"RT @K_Sultan_PK: The brave indian army???? #GayHind 
#PulawamaAttack 
#TheIndianTerrorist https://t.co/7R763Kg4pv",,98,41.14198,-87.86114999999999,US,"Bradley Stoke, England",http://pbs.twimg.com/profile_images/1104640436436635648/W0ESw9CH_normal.jpg,184,194,1,en,http://www.twitter.com/chaudhary1360/status/1102812287432306688,TRUE,@K_Sultan_PK,@K_Sultan_PK,"#GayHind,#PulawamaAttack,#TheIndianTerrorist",,http://pbs.twimg.com/ext_tw_video_thumb/1097774641043644416/pu/img/3N3aQlv1gPZ2fK7b.jpg,,0.0,0.726,0.274,0.5267
1102799993830690816 ,2019-03-05,05:16,Utkarshberiwala,utkarshberiwala,,RT @boxervijender: I’m donating my one month’s salary for the martyrs of #PulwamaTerrorAttack and want everyone to come forward and support…,,2396,,,,,http://abs.twimg.com/sticky/default_profile_images/default_profile_normal.png,4,84,,en,http://www.twitter.com/utkarshberiwala/status/1102799993830690816,TRUE,@boxervijender,@boxervijender,#PulwamaTerrorAttack,,,,0.0,0.939,0.061,0.0772
1102621536333320193 ,2019-03-04,17:27,Zack,zzaakk10,a patriot,I don’t understand what #Indians are happy and proud of? #PulawamaAttack being an inside job? Fake #SurgicalStrikes ? Downing of MiG21 ? #Abhinandan being held and humiliated? Getting slapped by ICC? Of being declared losers in Air Combat against #Pakistan by NYT?,,,24.68773,46.72185,SA,"Riyadh, Kingdom of Saudi Arabia",http://pbs.twimg.com/profile_images/745914808827019264/CE62PAFt_normal.jpg,4,36,,en,http://www.twitter.com/zzaakk10/status/1102621536333320193,FALSE,,,"#Indians,#PulawamaAttack,#SurgicalStrikes,#Abhinandan,#Pakistan",,,,0.235,0.634,0.131,-0.6662
1102600809093705728 ,2019-03-04,16:04,pankajmolekhi,pankajmolekhi,"Journalist by profession, passionate traveller, ex-vagabond, health-conscious, off-note singer, prefer Rum to Scotch","RT @LokMarg: When Jagdish Prajapati heard of the #IAFStrikes on #JeM terror camps, he felt some relief. His son, Pradeep was one of the mar…",,2,28.654,77.229,IN,New Delhi,http://pbs.twimg.com/profile_images/853593799947419648/VlN06omC_normal.jpg,887,367,19,en,http://www.twitter.com/pankajmolekhi/status/1102600809093705728,TRUE,@LokMarg,@LokMarg,"#IAFStrikes,#JeM",,,,0.115,0.78,0.105,-0.0772
1102579945279229952 ,2019-03-04,14:41,Asharr,Ashar5hah,If our journey is same then why don’t you follow me to walk behind?,"@Gyaaaani @Um_e_Rubab But your can't even do this with perfection??
#pulawamaattack
Audio leaked ????????",,,24.9056,67.0822,PK,"Karachi, Pakistan",http://pbs.twimg.com/profile_images/1101475017794207745/pOrUIKEx_normal.jpg,934,1382,2,en,http://www.twitter.com/Ashar5hah/status/1102579945279229952,FALSE,,"@Gyaaaani,@Um_e_Rubab",#pulawamaattack,,,,0.185,0.815,0.0,-0.4497
1102569248956788741 ,2019-03-04,13:59,peekay,humblekindlife,Retweet is not = to endorsement.,"RT @vijayshekhar: Contribute to CRPF Wives Welfare Association, support our brave armymen’s families by your direct contribution : 
https:/…",,38,28.63576,77.22445,IN,India,http://abs.twimg.com/sticky/default_profile_images/default_profile_normal.png,127,1394,,en,http://www.twitter.com/humblekindlife/status/1102569248956788741,TRUE,@vijayshekhar,@vijayshekhar,,,,,0.0,0.724,0.276,0.7269
1102537370300284929 ,2019-03-04,11:52,Varathan R,rvarathan,"Student. Software Architect, Engineer, Avid Reader, Investor, interested in writing and travel.","RT @AmmU_MaanU: 1/ Are you going to vote based #Elections2019 based on military response to #pulawamaattack OR
Governance of 5 years, issue…",,2,,,,,http://pbs.twimg.com/profile_images/1236779096/Varathan_normal.PNG,586,285,80,en,http://www.twitter.com/rvarathan/status/1102537370300284929,TRUE,@AmmU_MaanU,@AmmU_MaanU,"#Elections2019,#pulawamaattack",,,,0.0,1.0,0.0,0.0
1102527314091495424 ,2019-03-04,11:12,?????? Iftikhar,ifti_khar,Writer because it alleviates my emotional burns. Jolly by nature. Learner. Technologist.,The America is playing its part in reconciliation after #pulawamaattack by pitching a problem to Indians in order to sell war weapons. https://t.co/I8bTj3ouLc,,,25.25817,55.30472,AE,Dubai,http://pbs.twimg.com/profile_images/378800000401662523/af08299863e149a142deb134adf47701_normal.jpeg,31,120,1,en,http://www.twitter.com/ifti_khar/status/1102527314091495424,FALSE,,,#pulawamaattack,,,https://twitter.com/nytimes/status/1102444830305775616,0.324,0.614,0.061,-0.8271
1102522694090674176 ,2019-03-04,10:54,LokMarg,LokMarg,"Speak your mind, write a blog, express your opinion, tell everyone what you think and why. Visit http://t.co/zROjHEEMzr","When Jagdish Prajapati heard of the #IAFStrikes on #JeM terror camps, he felt some relief. His son, Pradeep was one of the martyrs in the #pulawamaattack on CRPF. People in his locality at Shamli in UP celebrated with a march that evening via @LokMarg https://t.co/gkhhQHOCuX https://t.co/2DvgyLneLS",1,2,,,,,http://pbs.twimg.com/profile_images/493369591318335488/NYMUFrXT_normal.jpeg,1354,476,,en,http://www.twitter.com/LokMarg/status/1102522694090674176,FALSE,,@LokMarg,"#IAFStrikes,#JeM,#pulawamaattack",,http://pbs.twimg.com/media/D0zyWfvUYAAuZyq.jpg,https://bit.ly/2Tv8cvX,0.065,0.805,0.13,0.5267
1102510438850486272 ,2019-03-04,10:05,ZIA-UL-HAQ,SilentSoldierPk,"I AM A PATRIOTIC PAKISTANI. 
I AM PROUD TO BE A PAKISTANI. 
I?PAKISTAN.
I? AFWAAJ-E-PAKISTAN 
I? ISI.","RT @K_Sultan_PK: The brave indian army???? #GayHind 
#PulawamaAttack 
#TheIndianTerrorist https://t.co/7R763Kg4pv",,98,,,,,http://pbs.twimg.com/profile_images/1100416630109007872/_1Vd1VaT_normal.png,242,1235,,en,http://www.twitter.com/SilentSoldierPk/status/1102510438850486272,TRUE,@K_Sultan_PK,@K_Sultan_PK,"#GayHind,#PulawamaAttack,#TheIndianTerrorist",,http://pbs.twimg.com/ext_tw_video_thumb/1097774641043644416/pu/img/3N3aQlv1gPZ2fK7b.jpg,,0.0,0.726,0.274,0.5267
1102504236091228161 ,2019-03-04,09:41,anbudan BALA?.?.????,AmmU_MaanU,"I am a GCTian,  thamiz Blogger since 2004. Interests: Cricket, Chess, Sujatha, J.Archer, DivyaPrabandham and of course political discourse :)","1/ Are you going to vote based #Elections2019 based on military response to #pulawamaattack OR
Governance of 5 years, issues' resolution &amp; election manifesto ?",3,2,13.08784,80.27847,IN,Chennai,http://pbs.twimg.com/profile_images/1047842336305176577/NMyMomAf_normal.jpg,7762,695,139,en,http://www.twitter.com/AmmU_MaanU/status/1102504236091228161,FALSE,,,"#Elections2019,#pulawamaattack",,,,0.0,1.0,0.0,0.0
1102483687281647616 ,2019-03-04,08:19,Ganesh,Ganesh1Kamath,,"RT @abhytawde: #FinalStrike will be the only solution to get rid off #Terroristan . Every Indian wants revenge of Uri, 26/11, parliament at…",,4,,,,,http://abs.twimg.com/sticky/default_profile_images/default_profile_normal.png,24,49,19,en,http://www.twitter.com/Ganesh1Kamath/status/1102483687281647616,TRUE,@abhytawde,@abhytawde,"#FinalStrike,#Terroristan",,,,0.132,0.778,0.089,-0.2732
1102452943599497217 ,2019-03-04,06:17,With J&K Congress,WithJKCongress,Congress,"RT @Fairoz_JK: My speech while paying tribute to martyrs of #PulawamaAttack at Ramban J&amp;K, and appealing to people  to maintain communal ha…",,55,,,,,http://pbs.twimg.com/profile_images/1100091670861733890/2kH4A_nj_normal.jpg,138,378,,en,http://www.twitter.com/WithJKCongress/status/1102452943599497217,TRUE,@Fairoz_JK,@Fairoz_JK,#PulawamaAttack,,,,0.0,1.0,0.0,0.0
1102270928451452934 ,2019-03-03,18:14,Roopali Kadam,Roopaliveera,"CA final cleared, Strong believer in God, Proud Indian,","RT @abhytawde: #FinalStrike will be the only solution to get rid off #Terroristan . Every Indian wants revenge of Uri, 26/11, parliament at…",,4,19.07283,72.88261,IN,"Mumbai, Maharashtra",http://pbs.twimg.com/profile_images/1100484292088610816/dKjF9kXs_normal.png,421,448,21,en,http://www.twitter.com/Roopaliveera/status/1102270928451452934,TRUE,@abhytawde,@abhytawde,"#FinalStrike,#Terroristan",,,,0.132,0.778,0.089,-0.2732
1102268693529034752 ,2019-03-03,18:05,surbhi khanolkar,SurbhiKhanolkar,,"RT @abhytawde: #FinalStrike will be the only solution to get rid off #Terroristan . Every Indian wants revenge of Uri, 26/11, parliament at…",,4,,,,,http://pbs.twimg.com/profile_images/1098177015826411520/6WIqGXeZ_normal.jpg,72,60,4,en,http://www.twitter.com/SurbhiKhanolkar/status/1102268693529034752,TRUE,@abhytawde,@abhytawde,"#FinalStrike,#Terroristan",,,,0.132,0.778,0.089,-0.2732
1102266530799251456 ,2019-03-03,17:56,Salman,SalmanPTI,"Investment Banker,  #PTIFundRaising","@rakeshbhatt007 @FatimaRomaiza The first #pulawamaattack happened because of this and God knows how many more will happen only because of Indian atrocities on Kashmiris !!! 

What do you think these Kashmiris will turn into &amp; how will they take revenge ... you are clearly dumb enough not to understand",,,41.02649,-73.62846,US,"Greenwich, London",http://pbs.twimg.com/profile_images/639552248201244672/qM7-eJza_normal.jpg,9711,845,22,en,http://www.twitter.com/SalmanPTI/status/1102266530799251456,FALSE,,@rakeshbhatt007,#pulawamaattack,,,,0.132,0.784,0.084,-0.5826
1102264299899289606 ,2019-03-03,17:47,Dashrath Bhagat,dashrathbhagat,???????? ??????? - ??? ????? ???????? ??????? ?????? ? ??. ?????? ???? ???? | ????? - ??? ?????? ??????,RT @Tanay__Bhagat: The outrage against the horrific pulwama attack which has got the whole country together. should this energy we used to…,,1,,,,,http://pbs.twimg.com/profile_images/1070600083186475008/61jlayaz_normal.jpg,1571,627,3,en,http://www.twitter.com/dashrathbhagat/status/1102264299899289606,TRUE,@Tanay__Bhagat,@Tanay__Bhagat,,,,,0.346,0.577,0.076,-0.8564
1102247241979355136 ,2019-03-03,16:39,Mahesh P Sawant,MPS0999,lonavala pune,"RT @abhytawde: #FinalStrike will be the only solution to get rid off #Terroristan . Every Indian wants revenge of Uri, 26/11, parliament at…",,4,,,,,http://pbs.twimg.com/profile_images/1103003885080322048/OSwg57cl_normal.jpg,3868,4970,95,en,http://www.twitter.com/MPS0999/status/1102247241979355136,TRUE,@abhytawde,@abhytawde,"#FinalStrike,#Terroristan",,,,0.132,0.778,0.089,-0.2732
1102239945891164161 ,2019-03-03,16:10,SheilaZulfiqarAhmed1,SheilaZulfiqar,Int Affairs researcher,"Every objective observer shud independently verify n analyze facts b4 owning d #Indiannarrative No proof @AdilAhmedDar ws ever a free man before d #Pulawamaattack n if v get 2 c one belatedly it wud b another fabrication as y wud d #IndianArmy release a ""terrorsit"" once arrested!",,,24.9056,67.0822,PK,"Karachi, Pakistan",http://pbs.twimg.com/profile_images/593996047103332353/KNHIaWZ6_normal.jpg,6,673,3,en,http://www.twitter.com/SheilaZulfiqar/status/1102239945891164161,FALSE,,,"#Indiannarrative,#Pulawamaattack,#IndianArmy",,,,0.137,0.783,0.081,-0.3164
1102230540814565376 ,2019-03-03,15:33,Abhijit Tawde,abhytawde,"@VU3OHE , Proud Indian,
I Love My India????
    Views are Mine & Personal...","#FinalStrike will be the only solution to get rid off #Terroristan . Every Indian wants revenge of Uri, 26/11, parliament attack, #pulawamaattack . #WW3 @WW3Info @PMOIndia @GeneralBakshi @MrsGandhi @airnewsalerts @adgpi https://t.co/9IBvm5FF62",18,4,19.07283,72.88261,IN,"Mumbai, India",http://pbs.twimg.com/profile_images/985544356739407873/Fs7azcU0_normal.jpg,652,282,30,en,http://www.twitter.com/abhytawde/status/1102230540814565376,FALSE,,"@WW3Info,@PMOIndia,@GeneralBakshi,@MrsGandhi,@airnewsalerts,@adgpi","#FinalStrike,#Terroristan,#pulawamaattack,#WW3",,http://pbs.twimg.com/media/D0vo0QgWkAAcRUe.jpg,,0.187,0.747,0.066,-0.6369
1102218211616063488 ,2019-03-03,14:44,JD NEWS MEDIA,JDumde,"? PA ? Media ? PR ?????? ???????  ?Journalists ? IT-CELL  President  West Maharashtra ?NMVM

~^~ Tweets Personal Opinions ? Retweets are not endorsement","We Made Some Noise
Then we Remain Silent
#BCCI #IndiaStrikesBack #crpfmartyrs #IndianArmy #CRPFJawans  #WelcomebackAbhinanadan

#Pulawama
#pulawamaattack
#PulwanaAttack
#Kashmir
#KashmirTerrorAttack
#TerroristNationPakistan
#TerrorStatePakistan
#Terrorism
#PakistanJihad 
#Paki https://t.co/DZkhSRAB2i",,,,,,,http://pbs.twimg.com/profile_images/1097778283545051137/DUKQfK9u_normal.jpg,563,1568,,en,http://www.twitter.com/JDumde/status/1102218211616063488,FALSE,,,"#BCCI,#IndiaStrikesBack,#crpfmartyrs,#IndianArmy,#CRPFJawans,#WelcomebackAbhinanadan,#Pulawama,#pulawamaattack,#PulwanaAttack,#Kashmir,#KashmirTerrorAttack,#TerroristNationPakistan,#TerrorStatePakistan,#Terrorism,#PakistanJihad,#Paki",,http://pbs.twimg.com/media/D0vdnPzWwAYUUjz.jpg,,0.0,1.0,0.0,0.0
1102199696959799297 ,2019-03-03,13:31,????? ???? ????,amit_kothari,"Amit Kothari
??
Peeking in ??, catching the thoughts, trapping in words!!",@PMOIndia dear prime minister sir this video is a glips of the message you sent across the country.. I can see the faith in my daughter's eyes for you.. #NaMo #pulawamaattack https://t.co/sS7PqNNh5x,,,22.71792,75.83329999999999,IN,"Indore, India",http://pbs.twimg.com/profile_images/982462128069079041/4zBzk2vL_normal.jpg,42,69,,en,http://www.twitter.com/amit_kothari/status/1102199696959799297,FALSE,,@PMOIndia,"#NaMo,#pulawamaattack",,http://pbs.twimg.com/ext_tw_video_thumb/1102199642433835008/pu/img/rZ5z2ZXphIkOc6Tb.jpg,,0.0,0.838,0.162,0.6597
1102174286939336704 ,2019-03-03,11:50,Bilal Amin Mughal,BilalAminMugha1,Pakistani.,To all those saying Jaish e Muhammad claimed the #pulawamaattack. The signs of ‘Jihad’ don’t even match in both the pictures. Election campaign is resulting into a war. Just a personal interest has resulted into such a disturbing situation. #SayNoToWar #PakistanLeadsWithPeace https://t.co/XgRc1r1QYd,,,,,,,http://pbs.twimg.com/profile_images/1102171455821893632/nvI2r9H2_normal.jpg,,8,,en,http://www.twitter.com/BilalAminMugha1/status/1102174286939336704,FALSE,,,"#pulawamaattack,#SayNoToWar,#PakistanLeadsWithPeace",,http://pbs.twimg.com/media/D0u1qiOWkAAPH_i.jpg,,0.159,0.774,0.066,-0.6369
1102137351659274240 ,2019-03-03,09:23,Ahsan Nadeem,AhsanNadeem93,"CEO 'The Business Marketeers', Director BD at Nadeem Corporation","If this wasn't a political stunt by @narendramodi then what is this?
Politicizing it already? still wanting a war. 
Pak-india war hai, gujarat riots nahi.

@pid_gov @OfficialDGISPR @PTIofficial 
#PakSymbolOfPeace #Modi #IndiaPak #PulawamaAttack https://t.co/YnEFtE6JrJ",1,,33.72148,73.04329,PK,Pakistan,http://pbs.twimg.com/profile_images/1019893616330801152/pwquLenX_normal.jpg,34,94,1,en,http://www.twitter.com/AhsanNadeem93/status/1102137351659274240,FALSE,,"@narendramodi,@pid_gov,@OfficialDGISPR,@PTIofficial","#PakSymbolOfPeace,#Modi,#IndiaPak,#PulawamaAttack",,,https://twitter.com/Supriya23bh/status/1102079655178309633,0.29,0.71,0.0,-0.9092
1102137219345776641 ,2019-03-03,09:22,Sonia(Dhoni_Fan),Sonia_N16,"MSD Admirer, E-Reader , Cricket Lover, Die-heart Barun sobti's Fan , Fun loving, Creative ???","A must watch video...great job @rjraunac Jai Hind ????????#Kashmir #AbhinandanVarthaman #Abhinandan #AirSurgicalStrikes #PulawamaAttack #PulwamaRevenge 
https://t.co/4hqgQLcRd8",,,,,,,http://pbs.twimg.com/profile_images/1092101711043411968/ePUv_DSY_normal.jpg,72,322,,en,http://www.twitter.com/Sonia_N16/status/1102137219345776641,FALSE,,@rjraunac,"#Kashmir,#AbhinandanVarthaman,#Abhinandan,#AirSurgicalStrikes,#PulawamaAttack,#PulwamaRevenge",,,https://youtu.be/p2KUfWWEOuk,0.0,1.0,0.0,0.0
1102127282565599232 ,2019-03-03,08:43,Anand ST Das,anandstdas_TNIE,"Journalist with The New Indian Express & The Morning Standard covering Bihar. Based in Patna, India. Retweets are not endorsement, and views are personal.","“21 parties had got together to pass condemnation proposal against NDA govt after #PulawamaAttack The people of Bihar &amp; the people of the country will never forgive these parties,” says PM Narendra Modi at NDA #SankalpRally in Patna, #Bihar #LokSabhaElections2019 @NewIndianXpress",,,,,,,http://pbs.twimg.com/profile_images/819620071127404544/m_lfnf6N_normal.jpg,644,1314,11,en,http://www.twitter.com/anandstdas_TNIE/status/1102127282565599232,FALSE,,@NewIndianXpress,"#PulawamaAttack,#SankalpRally,#Bihar,#LokSabhaElections2019",,,,0.121,0.82,0.058,-0.443
1102119072072912897 ,2019-03-03,08:10,The Pinku,IMThepinku,"Underground rapper

http://t.co/KIZGKn9CrO

http://t.co/JUxOIOlk4L","#Pulawama #PulawamaAttack #pulawamaterrorattack #CRPF #crpfmartyrs #CRPFJawans #IndianArmy 

A Heartly Tribute to the Brave Lions of India.
Jai Hind.. Jai Bharat

https://t.co/GSK8EKL7W5",,,28.63576,77.22445,IN,India,http://pbs.twimg.com/profile_images/1047995556960907264/82XD4Xnz_normal.jpg,31,29,,en,http://www.twitter.com/IMThepinku/status/1102119072072912897,FALSE,,,"#Pulawama,#PulawamaAttack,#pulawamaterrorattack,#CRPF,#crpfmartyrs,#CRPFJawans,#IndianArmy",,,https://youtu.be/tvYMKFRVQoE,0.0,0.848,0.152,0.5267
1102115859609370625 ,2019-03-03,07:57,INC BIDAR 01,01Bidar,"Mallikarjun jambgi KPCC social media 
co convener Bidar district 
Mobil no 8497001143","RT @dineshgrao: Paid my respects to the family members of Mandya’s brave #CRPFJawan H Guru martyred in the #PulawamaAttack.
Have promised t…",,111,17.91331,77.5301,IN,"Bidar, India",http://pbs.twimg.com/profile_images/1104028819642564608/ao7AofKi_normal.jpg,302,405,,en,http://www.twitter.com/01Bidar/status/1102115859609370625,TRUE,@dineshgrao,@dineshgrao,"#CRPFJawan,#PulawamaAttack",,,,0.0,0.687,0.313,0.802
1102106465416839168 ,2019-03-03,07:20,Romeoo,romeoomustlie,”?? ?? ???????? ?? ?? ?? ???? ???? ??“,@_ShashiRavi @iAm_1T @fazeel2010 @ICC @SirJadeja @ImranKhanPTI What plan? If you guys have proof when can put up a case in international court ??????? not a single page proof is given to our govt about #PulawamaAttack #uri #pathancourt,,,,,,,http://pbs.twimg.com/profile_images/1000569987835224065/GgVUrg77_normal.jpg,43,439,,en,http://www.twitter.com/romeoomustlie/status/1102106465416839168,FALSE,,"@_ShashiRavi,@iAm_1T,@fazeel2010,@ICC,@SirJadeja,@ImranKhanPTI","#PulawamaAttack,#uri,#pathancourt",,,,0.0,1.0,0.0,0.0
1102047028069261312 ,2019-03-03,03:24,Osama Adil,osamabinadil,"Research Analyst, A Pakistani American. Stands with truth!",@sonikasdutta Spreading fake news will not do much to lower the embarrassment and sham your country has received after the chaos you have caused.Don't use war for elections so everybody can live with peace.I'm still waiting for official investigation report of #pulawamaattack.Any reports yet?,,,,,,,http://pbs.twimg.com/profile_images/789171909510373376/bVm_oHpM_normal.jpg,77,202,,en,http://www.twitter.com/osamabinadil/status/1102047028069261312,FALSE,,@sonikasdutta,#pulawamaattack,,,,0.22,0.722,0.058,-0.8296
1102046886347923456 ,2019-03-03,03:23,Osama Adil,osamabinadil,"Research Analyst, A Pakistani American. Stands with truth!",@vikassinghgn Spreading fake news will not do much to lower the embarrassment and sham your country has received after the chaos you have caused.Don't use war for elections so everybody can live with peace.I'm still waiting for official investigation report of #pulawamaattack.Any reports yet?,,,,,,,http://pbs.twimg.com/profile_images/789171909510373376/bVm_oHpM_normal.jpg,77,202,,en,http://www.twitter.com/osamabinadil/status/1102046886347923456,FALSE,,@vikassinghgn,#pulawamaattack,,,,0.22,0.722,0.058,-0.8296
1102046031196372992 ,2019-03-03,03:20,Osama Adil,osamabinadil,"Research Analyst, A Pakistani American. Stands with truth!",@Champawatranjit Spreading fake news will not do much to lower the embarrassment and sham your country has received after the chaos you have caused.Don't use war for elections so everybody can live with peace.I'm still waiting for official investigation report of #pulawamaattack.Any reports yet?,,,,,,,http://pbs.twimg.com/profile_images/789171909510373376/bVm_oHpM_normal.jpg,77,202,,en,http://www.twitter.com/osamabinadil/status/1102046031196372992,FALSE,,@Champawatranjit,#pulawamaattack,,,,0.22,0.722,0.058,-0.8296
1101942057847934978 ,2019-03-02,20:27,ZaynArshad,zayyn_007,All your lies made it that easier to see the truth. #Pakistani #Patriotic #bornleader #enthusistic #motivationalSpeaker #AnalysisOnCurrentSituation,@Irumf @ImranKhanPTI Mam the situation in India is getting worst day by day for modi as his audio has been leaked for related to #pulawamaattack,,,24.9056,67.0822,PK,"Karachi, Pakistan",http://pbs.twimg.com/profile_images/1100496098488184833/ABSeznBm_normal.jpg,9,295,,en,http://www.twitter.com/zayyn_007/status/1101942057847934978,FALSE,,"@Irumf,@ImranKhanPTI",#pulawamaattack,,,,0.218,0.782,0.0,-0.7506
1101916388153847809 ,2019-03-02,18:45,Shoaib,Libra__90,nothing ??,"RT @MonaAlamm: #kashmiri Hindus turn a blind eye towards plight of #Muslims in #Kashmir - 
BBC, CNN, TRT, Al Jazeera and all international…",,289,,,,,http://pbs.twimg.com/profile_images/1103870252411043840/5imjYv6e_normal.jpg,280,6,,en,http://www.twitter.com/Libra__90/status/1101916388153847809,TRUE,@MonaAlamm,@MonaAlamm,"#kashmiri,#Muslims,#Kashmir",,,,0.119,0.881,0.0,-0.4019
1101891732558491648 ,2019-03-02,17:07,Umar,Umar17785957,"Unless you've lived my life, you can't judge me.","RT @MonaAlamm: #kashmiri Hindus turn a blind eye towards plight of #Muslims in #Kashmir - 
BBC, CNN, TRT, Al Jazeera and all international…",,289,,,,,http://pbs.twimg.com/profile_images/1068941517371379712/68OzUzU9_normal.jpg,27,382,,en,http://www.twitter.com/Umar17785957/status/1101891732558491648,TRUE,@MonaAlamm,@MonaAlamm,"#kashmiri,#Muslims,#Kashmir",,,,0.119,0.881,0.0,-0.4019
1101875500752998400 ,2019-03-02,16:02,Bhavesh Shah,BJ3105,"Love travel,music,movies,cricket.usually treakking the mountains.",@ShatruganSinha Listen to @ArvindKejriwal the mass and popular leader; what he has to say #AbhinandanVartaman #SurgicalStrikes2 #pulawamaattack https://t.co/PpnHLbYIme,1,,,,,,http://pbs.twimg.com/profile_images/858347874194661376/Jr3oyfT6_normal.jpg,95,632,3,en,http://www.twitter.com/BJ3105/status/1101875500752998400,FALSE,,"@ShatruganSinha,@ArvindKejriwal","#AbhinandanVartaman,#SurgicalStrikes2,#pulawamaattack",,http://pbs.twimg.com/ext_tw_video_thumb/1101875405441634311/pu/img/7ikIYnX98z1SK3LC.jpg,,0.0,0.859,0.141,0.4215
1101855179601838082 ,2019-03-02,14:42,Chetan Sharma,chetan0711,"Satyanweshi (Satya Ki Khoj Karne Wala). Special Correspondent @Mail_Today , @IndiaToday ; Formerly with UNI; Views purely PERSONAL, RTs not endorsements.","RT @LokMarg: Phoolmati of UP, lost her son, Ajay of 55 Rashtriya Rifles, at an encounter on Feb 17 which killed the mastermind of #Pulawama…",,3,28.654,77.229,IN,"New Delhi, Delhi",http://pbs.twimg.com/profile_images/1104692451099303936/w27ercRx_normal.jpg,455,439,4,en,http://www.twitter.com/chetan0711/status/1101855179601838082,TRUE,@LokMarg,@LokMarg,,,,,0.228,0.772,0.0,-0.7783
1101853181280206849 ,2019-03-02,14:34,Pakistan Media Watch,PakPressWatch,"Exposing untruths/facts of Pak media. Countering fake news. Ex staffers of ET/Dawn/Jang/others. Defend journalism. DM confidential info, whistleblowers welcome",Indian channels have become graphic war rooms following #PulawamaAttack https://t.co/iVi6ziwtQc,7,,,,,,http://pbs.twimg.com/profile_images/978983291637379073/bFKzH_hx_normal.jpg,25104,878,109,en,http://www.twitter.com/PakPressWatch/status/1101853181280206849,FALSE,,,#PulawamaAttack,,,https://www.dw.com/en/indian-tv-channels-have-become-graphic-war-rooms/a-47742779,0.302,0.698,0.0,-0.5994
1101846336121405440 ,2019-03-02,14:06,Rushikesh,astro_rat,,RT @bainjal: More reason for Indians to get clarity on the Intelligence failure that led to #PulawamaAttack &amp; what are the gains from #Bala…,,139,,,,,http://pbs.twimg.com/profile_images/997496695859511302/Yb0ADh9x_normal.jpg,258,62,67,en,http://www.twitter.com/astro_rat/status/1101846336121405440,TRUE,@bainjal,@bainjal,#PulawamaAttack,,,,,,,
